GeneID,Chromosome,Peak_Start,Peak_End,Strand
Tnfaip3,chr10,18735170,18735366,+
Birc3,chr9,7872343,7873567,+
Rftn1,chr17,50321928,50322067,+
Nfkbia,chr12,56592720,56593708,+
Amz2,chr11,109286758,109286908,+
Tnfrsf13c,chr15,82049371,82049523,+
Swap70,chr7,117429709,117430035,+
Gm4832,chr17,88511088,88513619,+
Chd2,chr7,80682561,80682774,+
Irf2,chr8,47824629,47825727,+
Gm16675,chr8,47824629,47825727,+
Dusp2,chr2,127160926,127161281,+
Skil,chr3,30992729,30992885,+
4930595D18Rik,chr12,112398140,112398407,+
Gm10231,chr17,5803299,5803708,+
Hivep1,chr13,42146719,42147123,+
Zfp36,chr7,29165278,29168541,+
Gm16767,chr13,52178645,52179982,+
Dennd4a,chr9,64658641,64659007,+
AC121600.1,chr17,52301778,52302793,+
Scd1,chr19,44451057,44451305,+
Gm14963,chr19,6275871,6276709,+
Ehd1,chr19,6275871,6276709,+
Parp1,chr1,182471456,182471743,+
Mreg,chr1,72261254,72261421,+
Fam43a,chr16,30645980,30646416,+
5830416P10Rik,chr19,53554092,53554348,+
Rpl21-ps7,chr17,83676417,83678035,+
Junb,chr8,87499813,87501298,+
Rgs13,chr1,146020479,146021166,+
U6,chr12,114466509,114466588,+
Nedd4,chr9,72507658,72508150,+
Rel,chr11,23670201,23672033,+
Il2ra,chr2,11574846,11575211,+
Lmna,chr3,88313911,88314197,+
Gpr132,chr12,114105580,114105729,+
Hcst,chr7,31202931,31203092,+
Gm10840,chr11,106020761,106020970,+
Limd2,chr11,106020761,106020970,+
N4bp2l1,chr5,151397929,151398430,+
Rps6ka1,chr4,133399155,133399313,+
Ildr1,chr16,36709654,36709829,+
Gm12148,chr11,43198647,43199024,+
Zcchc6,chr13,59924137,59924539,+
Tnfaip3,chr10,18729051,18729471,+
Map4k1,chr7,29767336,29768438,+
Eif3k,chr7,29767336,29768438,+
Nfkbid,chr7,31207231,31207444,+
Hcst,chr7,31207231,31207444,+
Kdm6b,chr11,69222439,69225413,+
5830416P10Rik,chr19,53539105,53539767,+
Skil,chr3,30993960,30994947,+
Hook2,chr8,87509830,87510371,+
B4galt5,chr2,167200677,167200965,+
Gm11932,chr4,32345079,32345729,+
Bach2,chr4,32345079,32345729,+
Eif2c2,chr15,72991760,72992766,+
Stk10,chr11,32432778,32432995,+
Efcab9,chr11,32432778,32432995,+
Pebp4,chr14,70456760,70457496,+
Gm15754,chr5,118927615,118928466,+
Gm20513,chr17,34430445,34430747,+
Gm16912,chr17,29631271,29631486,+
Pim1,chr17,29631271,29631486,+
A230108P19Rik,chr2,6230648,6230801,+
RP24-309I5.3,chr10,17508065,17508898,+
AW549877,chr15,3932888,3933016,+
Ier5,chr1,156944440,156945430,+
Hivep2,chr10,13684266,13685082,+
Itpr1,chr6,108499577,108499893,+
Tbc1d10a,chr11,4095627,4095826,+
Irf4,chr13,30853097,30853608,+
Cd74,chr18,60963114,60963470,+
Cxcr5,chr9,44334408,44334818,+
Ddx54,chr5,121070727,121073312,+
Pebp4,chr14,70465921,70466146,+
Adora2a,chr10,74789350,74789606,+
Relb,chr7,20214333,20215109,+
Stx11,chr10,12684178,12684419,+
Cd83,chr13,43873220,43873623,+
Pdhx,chr2,102839426,102839674,+
Cd83,chr13,43880208,43881779,+
Tcf4,chr18,69804244,69804707,+
Gpbp1,chr13,112280461,112280658,+
Nfkbiz,chr16,55838759,55839247,+
Fbxo11,chr17,88463400,88464318,+
Mllt6,chr11,97520622,97522405,+
Gm11613,chr11,97520622,97522405,+
AL596123.1,chr11,97520622,97522405,+
Gabpb1,chr2,126501180,126501457,+
Gimap1,chr6,48682727,48683299,+
Rps25-ps1,chr6,145224438,145224924,+
Prr7,chr13,55572722,55573237,+
Grb7,chr11,98319129,98319677,+
Dennd4a,chr9,64637184,64637521,+
Lfng,chr5,141092696,141092918,+
Cd52,chr4,133652972,133653331,+
Ahcyl2,chr6,29788522,29788909,+
Tomm20,chr8,129356541,129356712,+
C030013C21Rik,chr11,80321357,80322596,+
Myo1d,chr11,80321357,80322596,+
Malt1,chr18,65589786,65590723,+
Mir1904,chr13,110693886,110693947,+
Pde4d,chr13,110693886,110693947,+
Cnot6l,chr5,96591731,96592872,+
Pvt1,chr15,62013014,62013175,+
Ncf1,chr5,134708107,134709370,+
U6,chr13,24577838,24579786,+
4930523C07Rik,chr1,161977771,161977913,+
Gm12974,chr4,133369648,133370099,+
Il4i1,chr7,52090945,52091571,+
Dus2l,chr8,108578149,108578830,+
Supt4h1,chr11,87558511,87558704,+
Rcsd1,chr1,167631039,167631274,+
Gm14963,chr19,6277772,6277962,+
Ehd1,chr19,6277772,6277962,+
U6,chr16,87653248,87653474,+
Lasp1,chr11,97660420,97660664,+
Mex3a,chr3,88325739,88325990,+
Kdm2b,chr5,123399249,123399488,+
Wdfy4,chr14,33998676,33998799,+
Acoxl,chr2,127834436,127834854,+
Rbm20,chr19,53944322,53945727,+
Dusp22,chr13,30751294,30752393,+
Fgd2,chr17,29530535,29531569,+
Nsun6,chr2,14976659,14976863,+
Arl5b,chr2,14976659,14976863,+
Creb1,chr1,64578816,64579144,+
Adam17,chr12,21341717,21341975,+
1700086P04Rik,chr4,128709782,128710804,+
Fnbp1,chr2,30892361,30892625,+
Slc12a3,chr8,96889423,96889819,+
4930415F15Rik,chr11,11405953,11406599,+
Wee1,chr7,117309587,117310330,+
Rftn1,chr17,50320389,50320497,+
SNORA42,chr15,61273350,61273567,+
AC131596.1,chr10,95836848,95837584,+
Hivep2,chr10,13805684,13806173,+
Supv3l1,chr10,61912128,61912975,+
Cd69,chr6,129225233,129225849,+
1110002J07Rik,chr10,66326764,66327561,+
H2-DMb2,chr17,34281658,34282269,+
Zbtb7a,chr10,80597195,80597310,+
Mcl1,chr3,95454449,95454858,+
Tomm20,chr8,129391345,129391780,+
Rbks,chr5,32000587,32001021,+
Bre,chr5,32000587,32001021,+
Mrpl33,chr5,32000587,32001021,+
4930519G04Rik,chr5,115314680,115315230,+
Foxp1,chr6,99138351,99138849,+
Egr3,chr14,70469136,70469849,+
Tmem66,chr8,35218622,35219097,+
Slamf6,chr1,173845914,173846066,+
Gm16988,chr10,37057808,37058724,+
Arhgap26,chr18,38791273,38791812,+
9630014M24Rik,chr18,38791273,38791812,+
Dennd4a,chr9,64645421,64645574,+
Iqgap1,chr7,87924216,87924403,+
Sh2b3,chr5,122287606,122288937,+
Ccdc88b,chr19,6932622,6932754,+
Bhlhe40,chr6,108608664,108610393,+
0610040F04Rik,chr6,108608664,108610393,+
Gm17055,chr6,108608664,108610393,+
Nr4a1,chr15,101096796,101097186,+
Tomm20,chr8,129371110,129373951,+
U6,chr11,98804536,98804772,+
Rara,chr11,98804536,98804772,+
9530052E02Rik,chr8,11098044,11098984,+
A930011G23Rik,chr5,99765101,99766028,+
AC131596.1,chr10,95833523,95833883,+
Nfatc1,chr18,80807621,80809400,+
Gm11932,chr4,32337814,32337957,+
Bach2,chr4,32337814,32337957,+
4930552P12Rik,chr19,55742271,55742546,+
Ilf3,chr9,21171899,21173135,+
Man1a,chr10,53704868,53704938,+
Atp2a3,chr11,72767125,72767987,+
Wnt10a,chr1,74853227,74853418,+
Btg1,chr10,95863442,95863610,+
7SK,chr16,84583449,84584561,+
Fnbp1,chr2,30916309,30917179,+
Ube2e3,chr2,78708455,78708802,+
Nid1,chr13,13616516,13616686,+
Selplg,chr5,114282498,114282868,+
Akt3,chr1,179187820,179188968,+
Adck3,chr1,182129704,182129899,+
Cdc37,chr9,20940427,20940663,+
Blcap,chr2,157392098,157392379,+
Selplg,chr5,114264327,114265031,+
Pigt,chr2,164347266,164347849,+
Tomm20,chr8,129362656,129363697,+
AI427809,chr4,53290652,53291303,+
Gm4968,chr6,127186697,127187055,+
Arntl,chr7,120350319,120350834,+
Myo1e,chr9,70092005,70092243,+
Rad51l1,chr12,80734513,80734835,+
Slc38a2,chr15,96540424,96541004,+
Nr4a3,chr4,48055556,48055785,+
Mir155,chr16,84703124,84703745,+
Sdhaf1,chr7,31108106,31108241,+
E130208F15Rik,chr7,31108106,31108241,+
Jarid2,chr13,44613671,44613840,+
Zfp335,chr2,164736480,164737308,+
Gm11458,chr2,164736480,164737308,+
Icosl,chr10,77549989,77550457,+
Smg1,chr7,125387446,125388140,+
4930583K01Rik,chr7,125387446,125388140,+
Pvt1,chr15,62000859,62001092,+
Nfkb2,chr19,46378954,46379706,+
Il4ra,chr7,132724422,132725492,+
Ninj2,chr6,120033047,120033181,+
Rasgef1b,chr5,99681874,99682386,+
Map3k8,chr18,4352919,4353540,+
Ccr7,chr11,99029188,99029921,+
Hvcn1,chr5,122668895,122670870,+
Ptp4a2,chr4,129488174,129488532,+
Akap10,chr11,61742838,61744728,+
A230052G05Rik,chr8,73389398,73389770,+
RP23-85E24.1,chr17,71201462,71201805,+
Tgif1,chr17,71201462,71201805,+
Fam129c,chr8,74120115,74121786,+
Pgls,chr8,74120115,74121786,+
Rnf44,chr13,54795042,54796216,+
Agpat4,chr17,12364071,12364421,+
Tgfb1,chr7,26474295,26474775,+
Arhgap25,chr6,87502429,87502972,+
SNORD88,chr7,51501625,51502058,+
2410002F23Rik,chr7,51501625,51502058,+
Hip1r,chr5,124423184,124423745,+
Lrrfip1,chr1,92949153,92950223,+
Mll5,chr5,22892288,22892980,+
Slc17a5,chr9,78375153,78375356,+
Cd5,chr19,10815008,10815623,+
A430093F15Rik,chr19,10815008,10815623,+
Rhof,chr5,123578176,123580058,+
Gm17627,chr5,123578176,123580058,+
Ptger4,chr15,5396446,5396887,+
Dock2,chr11,34596028,34596760,+
Irf1,chr11,53582353,53585094,+
Zbtb6,chr2,37298509,37299088,+
Zbtb26,chr2,37298509,37299088,+
Rabgap1,chr2,37298509,37299088,+
Fam71b,chr11,46212446,46212785,+
9930022D16Rik,chr11,109281462,109281611,+
Iqsec1,chr6,90714880,90715028,+
6030468B19Rik,chr11,117660138,117661022,+
Lpp,chr16,24628732,24629828,+
Stard7,chr2,127140155,127140641,+
Nfkb1,chr3,135353817,135354608,+
Rab21,chr10,114751516,114751935,+
Gucy2c,chr6,136638552,136638908,+
Cd40,chr2,164881011,164882335,+
Gad1,chr2,70397269,70397852,+
1500002O10Rik,chr2,70397269,70397852,+
Nucb2,chr7,123619861,123620030,+
Dusp10,chr1,185803618,185803932,+
Gm16998,chr10,53839111,53839390,+
Gm16174,chr7,20402788,20403028,+
Bcl3,chr7,20402788,20403028,+
Klf10,chr15,38228746,38230886,+
Rfx5,chr3,94757650,94758541,+
7SK,chr8,86271834,86272923,+
Tlr1,chr5,65278253,65278721,+
Gm7856,chr16,91522320,91522855,+
Csk,chr9,57492813,57493553,+
1600012F09Rik,chr13,18067562,18067971,+
Tomm20,chr8,129405628,129406361,+
Nampt,chr12,33459131,33460333,+
Cd74,chr18,60965134,60965533,+
Rbpj,chr5,53979814,53981217,+
Cd74,chr18,60966402,60966505,+
Sufu,chr19,46540692,46540874,+
Arhgap24,chr5,102910500,102910801,+
Hivep3,chr4,119632034,119632278,+
Gm12148,chr11,43201561,43201925,+
Pan2,chr10,127740047,127740755,+
Sh3bp5,chr14,32249094,32249840,+
Gm16896,chr6,89230521,89230724,+
Nr4a1,chr15,101087307,101088006,+
Gm20513,chr17,34438170,34438517,+
Gm16181,chr17,35355275,35356826,+
Icosl,chr10,77549354,77549589,+
Myo1g,chr11,6422869,6423186,+
Grb2,chr11,115501714,115503509,+
Ubac2,chr14,122337717,122337948,+
Ccnl1,chr3,65761990,65762711,+
Cd40,chr2,164880649,164880762,+
Sema4d,chr13,51849495,51849748,+
Nfatc1,chr18,80909252,80909787,+
Lrch3,chr16,32913924,32914901,+
Ptpn11,chr5,121556863,121557254,+
H2-Eb1,chr17,34443371,34443863,+
Gm20513,chr17,34443371,34443863,+
Sh2b3,chr5,122283928,122284072,+
B4galt5,chr2,167209239,167209425,+
Ttpal,chr2,163427862,163428679,+
Tank,chr2,61416423,61416676,+
Arid2,chr15,96115648,96117158,+
2610037D02Rik,chr15,96115648,96117158,+
Actr3,chr1,127330858,127332419,+
Pik3cd,chr4,149070329,149070734,+
Gm9025,chr13,112726215,112726867,+
Hivep2,chr10,13702622,13703200,+
Gm8330,chr10,13702622,13703200,+
Pus1,chr5,111209188,111209798,+
Gm17598,chr5,111209188,111209798,+
Fth1,chr19,10057269,10058315,+
Upb1,chr10,74892140,74892543,+
1110038D17Rik,chr10,74892140,74892543,+
Vps26b,chr9,26834284,26834682,+
Timm8a2,chr14,122452172,122452460,+
Dennd4b,chr3,90068648,90069969,+
Isy1,chr6,87788734,87789056,+
9230110C19Rik,chr9,8017130,8017544,+
Sirt2,chr7,29551232,29551608,+
Nfkbib,chr7,29551232,29551608,+
Cyba,chr8,124956252,124957298,+
Gm20388,chr8,124956252,124957298,+
Azin1,chr15,38400144,38400852,+
Gm15232,chrX,163556989,163557500,+
Slc15a3,chr19,10916910,10917001,+
Tcf7l2,chr19,55843080,55843616,+
Icosl,chr10,77555386,77555947,+
Plekha2,chr8,26178462,26178999,+
Rplp1,chr9,61517390,61517755,+
Vars,chr17,35137767,35138164,+
D17H6S56E-5,chr17,35137767,35138164,+
Emr1,chr17,57486409,57486690,+
Traf2,chr2,25389816,25389994,+
Prkg1,chr19,31298012,31298808,+
Fam3c,chr6,22280638,22280749,+
Gimap4,chr6,48639530,48639639,+
AC138214.1,chr1,82828008,82828953,+
Nuak2,chr1,134238363,134239237,+
Parp8,chr13,117812630,117814243,+
Nfkbie,chr17,45691297,45693874,+
Txndc11,chr16,11104019,11104842,+
Tmem194,chr10,127103502,127105812,+
Nab2,chr10,127103502,127105812,+
Asap1,chr15,63906886,63907514,+
Kcnk10,chr12,99815972,99816711,+
Mapk6,chr9,75257792,75258007,+
4933433G15Rik,chr9,75257792,75258007,+
Gm9989,chr3,81729796,81730139,+
RP23-85E24.1,chr17,71198374,71200879,+
Tgif1,chr17,71198374,71200879,+
Zdhhc18,chr4,133178010,133178533,+
Lrrc32,chr7,105636743,105637163,+
Zhx2,chr15,57525595,57526484,+
Hivep1,chr13,42147431,42148551,+
Gm12596,chr4,59300019,59300417,+
Kcnj1,chr9,32202187,32203316,+
Fam167a,chr14,64056528,64057499,+
Susd3,chr13,49337953,49338408,+
Chst15,chr7,139507552,139508581,+
Fgfr2,chr7,139507552,139508581,+
Snx29,chr16,11385596,11386151,+
Foxp1,chr6,99000315,99000852,+
Ddx6,chr9,44378925,44379529,+
Irgc1,chr7,25230648,25230818,+
Pde4a,chr9,20965736,20965938,+
Itpkc,chr7,28013238,28014011,+
Ifi30,chr8,73292287,73292434,+
Pik3r2,chr8,73292287,73292434,+
Nbn,chr4,15885385,15885664,+
Ncf4,chr15,78075073,78075341,+
Gm10231,chr17,5803916,5804898,+
Cnr2,chr4,135455994,135456331,+
Trac,chr14,54841824,54842778,+
Rapgef1,chr2,29504722,29505620,+
Gm20388,chr8,123284097,123284791,+
Mdfic,chr6,15791611,15791829,+
Cd47,chr16,49970484,49970790,+
2310044K18Rik,chr7,90807824,90808398,+
Il16,chr7,90807824,90808398,+
B230319C09Rik,chr6,83406054,83407045,+
Wasf2,chr4,132715110,132715965,+
Gm12979,chr4,129174013,129174140,+
Gm16956,chr12,100848599,100849016,+
Gadd45b,chr10,80392925,80393523,+
Athl1,chr7,148126963,148128101,+
Btg1,chr10,96079350,96080091,+
Adap1,chr5,139779338,139779854,+
Trim7,chr11,48651851,48652305,+
AC141471.1,chr18,36089804,36090764,+
Ncor2,chr5,125532656,125533352,+
D030054H15Rik,chr17,8067839,8068109,+
Mir1931,chr10,92623004,92624901,+
Cdk17,chr10,92623004,92624901,+
Ninj2,chr6,120062520,120062816,+
St8sia6,chr2,13714804,13715409,+
Zfp238,chr1,179397304,179397604,+
Esr1,chr10,5745143,5745701,+
Eif2c2,chr15,72985743,72985944,+
Maff,chr15,79178528,79179038,+
Polm,chr11,5737244,5738311,+
Abcg1,chr17,31176698,31176929,+
Gpr65,chr12,99508183,99508345,+
Spty2d1,chr7,54277751,54278323,+
U6,chr16,55636665,55637491,+
Rad51l1,chr12,80793188,80793333,+
Gm5436,chr12,85584106,85584273,+
Plekhm3,chr1,64972134,64972503,+
Elovl5,chr9,77758064,77758607,+
Gxylt2,chr6,100750547,100750931,+
Zfp36l1,chr12,81216397,81216740,+
Zswim6,chr13,108680678,108680991,+
Cxcr4,chr1,130497692,130498336,+
Srcap,chr7,134655817,134656500,+
Slco5a1,chr1,12981555,12982619,+
Hps1,chr19,42854157,42854653,+
Gm16244,chr19,42854157,42854653,+
Psmg2,chr18,67801010,67801126,+
Cep76,chr18,67801010,67801126,+
Agpat4,chr17,12358106,12358535,+
5730469M10Rik,chr14,41813353,41813696,+
Cmya5,chr13,93863961,93865010,+
Spred2,chr11,19825336,19825936,+
Cd79b,chr11,106169512,106169804,+
Adamtsl4,chr3,95476279,95477463,+
Pax5,chr4,44683994,44684380,+
Gm12462,chr4,44683994,44684380,+
Grap,chr11,61460689,61460964,+
Atr,chr9,95757793,95758107,+
1700065D16Rik,chr9,95757793,95758107,+
Ankle2,chr5,110659859,110660257,+
B4galnt1,chr10,126602254,126602595,+
Elk3,chr10,92827838,92828065,+
Ksr1,chr11,78916918,78917902,+
Fam136b-ps,chr15,31209287,31209725,+
Pigv,chr4,133228792,133229233,+
Pip5k1c,chr10,80760918,80762068,+
Snx20,chr8,91161480,91161819,+
Ift140,chr17,25181821,25182316,+
Hmga1,chr17,27692542,27692993,+
9030425E11Rik,chr9,40551988,40552087,+
SNORA42,chr15,61377832,61378666,+
Haao,chr17,84245518,84245911,+
Srrd,chr5,112772048,112772362,+
Hps4,chr5,112772048,112772362,+
Irf2bp2,chr8,129119148,129119742,+
Gm17591,chr12,81102749,81102911,+
Slc25a19,chr11,115492359,115492639,+
Hspa9,chr18,35113977,35114339,+
Prcp,chr7,100027210,100027353,+
Cd69,chr6,129234457,129235124,+
H2-Ea-ps,chr17,34484513,34485431,+
Irg1,chr14,103436298,103436628,+
Shisa5,chr9,108953286,108954482,+
Nfkbie,chr17,45694107,45695777,+
Grn,chr11,102293366,102293817,+
Trim24,chr6,37846114,37846399,+
Dock10,chr1,80753933,80754458,+
Gm14321,chr2,167600736,167600996,+
Picalm,chr7,97278027,97278956,+
2310010J17Rik,chr7,97278027,97278956,+
Gripap1,chrX,7366407,7366937,+
Gm10231,chr17,5801982,5802990,+
Sac3d1,chr19,6118422,6118605,+
Gramd3,chr18,56630414,56630839,+
Sept11,chr5,93565472,93566235,+
Zeb1,chr18,5591077,5591573,+
RP23-278M16.2,chr18,5591077,5591573,+
Gm10125,chr18,5591077,5591573,+
Zfp661,chr2,127412952,127413236,+
Mrps5,chr2,127412952,127413236,+
Vasp,chr7,19851368,19851547,+
Katna1,chr10,7445406,7446686,+
Slc15a3,chr19,10913683,10913915,+
Tgfb1,chr7,26491863,26493697,+
Foxo1,chr3,52003115,52003616,+
5830416P10Rik,chr19,53508506,53508786,+
Rest,chr5,77718770,77718889,+
Car2,chr3,14880431,14880593,+
Esr1,chr10,5744075,5744548,+
Fam100b,chr11,116285246,116285631,+
Cxcr5,chr9,44329992,44330314,+
Ptprs,chr17,56582867,56583108,+
H2-Ab1,chr17,34394487,34395184,+
BC031781,chr1,182780258,182781237,+
Kcnk10,chr12,99812400,99813275,+
Arhgap24,chr5,102926141,102926765,+
Vrk2,chr11,26540469,26540630,+
Specc1l,chr10,74685261,74685904,+
Grasp,chr15,101076695,101077039,+
Pdcd1lg2,chr19,29505532,29505755,+
Gm14488,chr2,30567405,30568005,+
Mef2d,chr3,87942237,87942884,+
Vav2,chr2,27260469,27260849,+
Traf1,chr2,34818420,34819569,+
Gm15569,chr15,86012759,86013583,+
Cerk,chr15,86012759,86013583,+
Nab1,chr1,52557316,52557534,+
Rab44,chr17,29280390,29280480,+
U6,chr11,98805097,98805627,+
Rara,chr11,98805097,98805627,+
Gm13876,chr2,103735204,103735770,+
Notch2,chr3,97817234,97817446,+
Gm5921,chr9,115398124,115398745,+
Elk3,chr10,92772265,92772648,+
AC123853.1,chr19,44357700,44357788,+
Kcnb1,chr2,167014222,167015251,+
1110018N20Rik,chr2,167014222,167015251,+
Chst3,chr10,59631053,59631667,+
Ccr6,chr17,8425076,8425277,+
Itpr2,chr6,146219692,146220136,+
Sbk1,chr7,133428977,133429470,+
Fancc,chr13,63532574,63533291,+
Jarid2,chr13,44895622,44895743,+
Grap,chr11,61474303,61474603,+
Ifngr2,chr16,91546901,91547940,+
Loxl1,chr9,58122507,58123368,+
Jarid2,chr13,44903654,44903947,+
A930007I19Rik,chr19,29560946,29561465,+
Cd83,chr13,43862992,43863616,+
Foxo1,chr3,52247974,52248760,+
Cyth1,chr11,118007103,118007729,+
Sdc4,chr2,164268741,164268889,+
Lclat1,chr17,73596133,73596674,+
Fbxo48,chr11,16857116,16857231,+
Trac,chr14,54846992,54847254,+
Fnbp1,chr2,30917826,30918465,+
Ralgds,chr2,28395531,28395720,+
Ccrn4l,chr3,51028400,51029331,+
Smad3,chr9,63580395,63580790,+
7SK,chr15,10004599,10005507,+
Scand1,chr2,156137635,156138435,+
4921517L17Rik,chr2,156137635,156138435,+
Scd1,chr19,44457412,44457681,+
Kcnh4,chr11,100621004,100621517,+
Egr2,chr10,66999684,67000123,+
Pnrc2,chr4,135432615,135432782,+
Cltc,chr11,86571123,86571304,+
Tapbp,chr17,34056304,34057990,+
Bcor,chrX,11665746,11666190,+
Tbc1d1,chr5,64551373,64551785,+
Ahr,chr12,36396129,36397686,+
Tmem163,chr1,129410799,129411430,+
Pdap1,chr5,145900808,145901353,+
Bud31,chr5,145900808,145901353,+
Hspb7,chr4,140981479,140981906,+
Stk4,chr2,163903543,163904066,+
Pde4b,chr4,102241725,102241925,+
Parp1,chr1,182517919,182518210,+
Gm16956,chr12,100878499,100879968,+
Bmp2k,chr5,97409109,97409352,+
Cmtm7,chr9,114661967,114662472,+
Fuz,chr7,52151175,52151702,+
Rapgef6,chr11,54335783,54337040,+
Gm11292,chr13,22117801,22118548,+
Rhog,chr7,109398653,109399127,+
A630091E08Rik,chr7,105682988,105683937,+
Ltv1,chr10,12912523,12913207,+
Fam50b,chr13,34796625,34797138,+
Fam83f,chr15,80512080,80512484,+
Bcl10,chr3,145586448,145588215,+
BC049352,chr9,45054187,45054415,+
Nr4a3,chr4,48059946,48061196,+
C430042M11Rik,chr17,84249993,84250487,+
Eya1,chr1,14134026,14134655,+
Prkce,chr17,86866738,86867077,+
Inpp5d,chr1,89547263,89547493,+
Alas1,chr9,106132536,106133276,+
Upf2,chr2,5871741,5872430,+
Mpeg1,chr19,12531820,12532286,+
Sema7a,chr9,57790989,57791221,+
Ppp1r16b,chr2,158544920,158545213,+
Gm12057,chr11,22713991,22714570,+
Slc38a2,chr15,96575334,96575748,+
Smad3,chr9,63553997,63554716,+
Nfkbie,chr17,45696809,45696975,+
Spag9,chr11,93856270,93856663,+
Gm12891,chr4,122609911,122610656,+
Gm15642,chr11,109301246,109301931,+
Amz2,chr11,109301246,109301931,+
Hsp90b1,chr10,86168926,86169266,+
BC030307,chr10,86168926,86169266,+
AC152453.1,chr10,86168926,86169266,+
Itpkb,chr1,182358338,182358454,+
Map3k1,chr13,112597532,112598736,+
Gm15327,chr13,112597532,112598736,+
Inpp4b,chr8,83898648,83899770,+
Spib,chr7,51786578,51788235,+
Pold1,chr7,51786578,51788235,+
Tlcd1,chr11,77990094,77991153,+
Nek8,chr11,77990094,77991153,+
Panx1,chr9,14849694,14849975,+
Hes1,chr16,30066777,30067230,+
Stk24,chr14,121765329,121766222,+
AI480653,chr16,31066764,31067571,+
Flt3,chr5,148150619,148151449,+
Gm12596,chr4,59273714,59274319,+
Rnf31,chr14,56208955,56209145,+
Psme2,chr14,56208955,56209145,+
Ppp3ca,chr3,136334302,136334501,+
AC167197.1,chr1,64349543,64349706,+
Osbpl8,chr10,110601329,110602672,+
Zfp710,chr7,87219767,87220047,+
Plekha2,chr8,26212335,26213947,+
Rap1gds1,chr3,138705435,138705818,+
Mef2b,chr8,72682527,72682696,+
2310045N01Rik,chr8,72682527,72682696,+
Tctex1d4,chr4,116797404,116798867,+
Gm13014,chr4,116797404,116798867,+
Btbd19,chr4,116797404,116798867,+
Csde1,chr3,102824329,102824990,+
Zfp62,chr11,49016172,49017949,+
5930403N24Rik,chr10,36857083,36857277,+
Marcks,chr10,36857083,36857277,+
Sdhaf2,chr19,10599699,10600109,+
Cpsf7,chr19,10599699,10600109,+
Traf1,chr2,34813508,34814190,+
Atp13a2,chr4,140539338,140539624,+
SNORA17,chr1,120350237,120350434,+
Clasp1,chr1,120350237,120350434,+
Enpp6,chr8,48005478,48005888,+
Sub1,chr15,11940090,11940497,+
Gm12982,chr4,134869806,134870096,+
Dtx1,chr5,121143980,121144808,+
Loxl2,chr14,70029194,70029509,+
Gm16867,chr14,70029194,70029509,+
Gm20531,chr6,124679885,124680308,+
Ptpn6,chr6,124679885,124680308,+
Smap2,chr4,120687655,120689157,+
Osgin1,chr8,121947747,121948045,+
Bcl3,chr7,20407829,20408460,+
H2-Ab1,chr17,34398686,34398903,+
Snx3,chr10,42221757,42222295,+
C030034I22Rik,chr17,69766712,69767037,+
A930029G22Rik,chr17,69766712,69767037,+
Hs3st1,chr5,40022002,40022528,+
Slc17a5,chr9,78436297,78436508,+
H2-Q4,chr17,35516411,35516766,+
Gm11131,chr17,35516411,35516766,+
Arhgef3,chr14,28218564,28218931,+
Cecr5,chr6,120517438,120517784,+
Nr4a1,chr15,101083971,101084717,+
2510003E04Rik,chr10,62006044,62006780,+
S1pr3,chr13,51493360,51493502,+
Gm15429,chr1,163665013,163665584,+
Nme6,chr9,109735089,109735517,+
3000002C10Rik,chr9,109735089,109735517,+
Pkig,chr2,163488270,163488690,+
Mon1b,chr8,116159435,116159866,+
Gm17699,chr1,130601750,130602016,+
Carhsp1,chr16,8674316,8674510,+
Epn1,chr7,5034741,5035634,+
Dapp1,chr3,137664881,137665389,+
Gadd45b,chr10,80392380,80392583,+
Ptpn6,chr6,124673418,124673858,+
Gm15523,chr12,104579450,104579717,+
Asb2,chr12,104579450,104579717,+
Plekha2,chr8,26229554,26229692,+
Rab20,chr8,11463792,11464252,+
Map3k8,chr18,4294538,4296011,+
Etv6,chr6,134170330,134170608,+
Mir1938,chr12,40948882,40950383,+
Gm7008,chr12,40948882,40950383,+
Ifrd1,chr12,40948882,40950383,+
Bcl2l1,chr2,152651504,152651957,+
Lbx1,chr19,45311131,45311331,+
Ccdc88c,chr12,102243667,102244069,+
Gm9949,chr18,62323876,62324324,+
Ppp1r16b,chr2,158526236,158526858,+
Hivep3,chr4,119704838,119705413,+
Ctif,chr18,75614809,75616728,+
Ubxn11,chr4,133672822,133673319,+
Reep3,chr10,66559853,66560537,+
Jmjd1c,chr10,66559853,66560537,+
Lpcat1,chr13,73607141,73607196,+
2610002J02Rik,chr4,154623470,154624232,+
Rps18-ps2,chr4,8844280,8844565,+
Cd83,chr13,43884353,43884639,+
Mll5,chr5,22924087,22924451,+
Spata13,chr14,61355199,61355948,+
Flt3,chr5,148152351,148152763,+
Abtb2,chr2,103502365,103502701,+
Lin54,chr5,100929716,100929925,+
AC109196.1,chr5,100929716,100929925,+
D930015E06Rik,chr3,83842695,83844614,+
Dleu2,chr14,62299603,62301737,+
Gm16983,chr8,129107886,129108369,+
Foxo1,chr3,52200141,52201530,+
St3gal5,chr6,72089928,72090644,+
Ier2,chr8,87185405,87188080,+
Gm2529,chr8,87185405,87188080,+
Mll5,chr5,22938385,22939665,+
5031425E22Rik,chr5,22938385,22939665,+
Ube2d1,chr10,70721697,70722031,+
Ciita,chr16,10516048,10516557,+
B2m,chr2,121973205,121973525,+
Patl2,chr2,121973205,121973525,+
Alg9,chr9,50582021,50582526,+
1110032A03Rik,chr9,50582021,50582526,+
Gm20388,chr8,123321335,123321560,+
Cdyl2,chr8,119157741,119158297,+
Tnfrsf8,chr4,144889780,144890758,+
Rgs1,chr1,146177455,146177732,+
Rnf138,chr18,21159623,21159966,+
Pacs1,chr19,5273261,5273413,+
Arid3a,chr10,79389459,79389733,+
Prkab2,chr3,97462275,97462494,+
Gm17699,chr1,130620321,130621199,+
Nfkb1,chr3,135291834,135292170,+
Sf3b3,chr8,113370583,113370903,+
Cog4,chr8,113370583,113370903,+
Gm16083,chr1,132446966,132447457,+
Mob3a,chr10,80157971,80159527,+
Zc3h12a,chr4,124801837,124802298,+
5830416P10Rik,chr19,53497933,53498934,+
Serp1,chr3,58320251,58321410,+
Itgb3,chr11,104498307,104498758,+
Ski,chr4,154536869,154537159,+
Cd83,chr13,43858123,43858841,+
Trim25,chr11,88885396,88885754,+
Grb7,chr11,98320256,98321018,+
Fgfr1op,chr17,8388177,8389282,+
H2-K2,chr17,34115855,34116012,+
Gm4485,chr6,122770469,122771208,+
Foxj2,chr6,122770469,122771208,+
Akna,chr4,63070374,63070609,+
Neat1,chr19,5845285,5846291,+
Gm9783,chr19,5845285,5846291,+
Hmg20a,chr9,56266226,56266462,+
C230081A13Rik,chr9,56266226,56266462,+
Mnd1,chr3,83873354,83873617,+
Blnk,chr19,41068583,41069358,+
Vdac2,chr14,22650430,22650780,+
Cxcr4,chr1,130487369,130488475,+
Gm15323,chr13,112790967,112791790,+
Atg16l2,chr7,108450162,108450977,+
Gm9901,chr8,126383308,126383798,+
1700054N08Rik,chr8,126383308,126383798,+
Gm20388,chr8,126383308,126383798,+
Arhgap25,chr6,87485098,87486162,+
Fhit,chr14,11285100,11286077,+
Fgd2,chr17,29532376,29532538,+
Hc,chr2,34832686,34832970,+
Zbtb10,chr3,9246043,9246350,+
Slc38a2,chr15,96544972,96545459,+
Galnt6,chr15,100536637,100536932,+
Cd1d1,chr3,86821664,86821861,+
Cdk6,chr5,3501795,3501919,+
Arfip1,chr3,84518979,84519433,+
Papolg,chr11,23723137,23723715,+
Ninj1,chr13,49282963,49283875,+
B4galt5,chr2,167207130,167207476,+
Gm10088,chr16,19007111,19008022,+
Elf2,chr3,51144636,51145149,+
Irf2bp2,chr8,129245782,129246003,+
Wsb1,chr11,79067400,79068406,+
Ebf1,chr11,44577902,44579204,+
Mir212,chr11,74986594,74987204,+
Mir132,chr11,74986594,74987204,+
1700016P03Rik,chr11,74986594,74987204,+
SNORA42,chr15,61370549,61370803,+
Ildr1,chr16,36711649,36712135,+
Spred2,chr11,19826276,19826480,+
Dad1,chr14,54850596,54851344,+
Gm12227,chr11,54540875,54541866,+
Cdc42se2,chr11,54540875,54541866,+
Fnbp1,chr2,30937930,30938878,+
Heg1,chr16,33745655,33745817,+
Ddx6,chr9,44375818,44376478,+
Blnk,chr19,41037637,41037931,+
Btg2,chr1,135989701,135990602,+
Tmpo,chr10,90633536,90633647,+
Zfp608,chr18,55059989,55060177,+
Lbh,chr17,73266903,73267819,+
Gm15707,chr6,145288453,145288636,+
Arhgap30,chr1,173318473,173319315,+
Pvrl4,chr1,173318473,173319315,+
Fbxo11,chr17,88465041,88465651,+
Foxk1,chr5,142851583,142852251,+
Tbkbp1,chr11,97003420,97003806,+
Suv420h2,chr7,4690937,4691106,+
SNORA17,chr3,133246049,133246262,+
B4galt5,chr2,167192967,167194001,+
Trpm7,chr2,126701696,126702146,+
Nr4a1,chr15,101086541,101086942,+
Rnf145,chr11,44340056,44340501,+
Gm17287,chr17,88575326,88575469,+
Tbck,chr3,132346794,132347080,+
Aimp1,chr3,132346794,132347080,+
Pou2f1,chr1,167931298,167931934,+
Gm17444,chr1,167931298,167931934,+
Vmp1,chr11,86437316,86438430,+
Il10rb,chr16,91405842,91407201,+
RP23-190G10.4,chr16,91405842,91407201,+
Ly6e,chr15,74751082,74751423,+
Zmiz2,chr11,6291494,6291909,+
Samsn1,chr16,75921267,75921604,+
Tnfrsf1b,chr4,144844204,144844993,+
Y_RNA,chr6,47586526,47586762,+
Gm8369,chr19,11566171,11566602,+
Nnmt,chr9,48366624,48367214,+
Cass4,chr2,172226604,172226976,+
Chst3,chr10,59681091,59682942,+
Wdfy4,chr14,34002385,34004016,+
AB041803,chr6,31166455,31167070,+
Bub1b,chr2,118445928,118446687,+
5830416P10Rik,chr19,53499154,53499454,+
Jak1,chr4,100936942,100937960,+
Ankrd33b,chr15,31297206,31297604,+
Prkcb,chr7,129453485,129454437,+
Herpud1,chr8,96910397,96911402,+
Gm15890,chr8,96910397,96911402,+
Gh,chr11,106166932,106167284,+
Gtf3c4,chr2,28695776,28696209,+
Ddx31,chr2,28695776,28696209,+
Apobec3,chr15,79731253,79731601,+
Ppcdc,chr9,57268659,57269918,+
Nfat5,chr8,109814493,109815853,+
Skp1a,chr11,52044991,52045315,+
Gm12207,chr11,52044991,52045315,+
Gm16953,chr11,52044991,52045315,+
Plekho2,chr9,65389529,65389766,+
Tnfrsf1b,chr4,144823668,144824109,+
Hvcn1,chr5,122682965,122684079,+
Add3,chr19,53216476,53216747,+
2610002J02Rik,chr4,154611351,154611486,+
Ccr7,chr11,98993676,98994106,+
Aak1,chr6,86798853,86799047,+
Cyld,chr8,91220699,91221789,+
Lphn2,chr3,148358465,148358762,+
Nrg4,chr9,55174768,55175202,+
AI118078,chr9,55174768,55175202,+
Il21r,chr7,132749918,132751828,+
Dip2b,chr15,99890369,99891133,+
Il21r,chr7,132746389,132747202,+
Chst11,chr10,82447548,82448147,+
Samsn1,chr16,75929809,75930883,+
Mtmr14,chr6,113187531,113187905,+
Prpf40a,chr2,53050443,53050763,+
Arl6ip6,chr2,53050443,53050763,+
Hecw2,chr1,53907877,53908490,+
Rps27a,chr11,29447817,29448390,+
1700034F02Rik,chr11,29447817,29448390,+
Stim2,chr5,54386260,54386782,+
B630005N14Rik,chr6,13641646,13642154,+
Slfn2,chr11,82877508,82878090,+
Clk1,chr1,58479807,58481025,+
Gm17591,chr12,81170030,81170426,+
Ankhd1,chr18,36719637,36719924,+
AC141471.1,chr18,36079272,36079996,+
C330006D17Rik,chr9,7836925,7837450,+
Birc2,chr9,7836925,7837450,+
1100001G20Rik,chr11,83550849,83551123,+
1700019O17Rik,chr1,88338890,88339314,+
Ntf3,chr6,126300955,126301334,+
Mid1,chrX,166435779,166436216,+
Gch1,chr14,47808802,47809524,+
Ppp1r16b,chr2,158508074,158509231,+
Fignl1,chr11,11688498,11688953,+
Gm12066,chr11,24143044,24143322,+
Pi4ka,chr16,17409273,17409449,+
Snap29,chr16,17409273,17409449,+
Nuak1,chr10,83574296,83574601,+
Mir23a,chr8,86722213,86722700,+
Cuedc1,chr11,87921006,87921178,+
7SK,chr16,84621638,84622149,+
Gm12596,chr4,59278629,59278987,+
Cd72,chr4,43469341,43470289,+
Nr6a1,chr2,38781748,38782463,+
Cd3d,chr9,44794434,44795614,+
Mogat1,chr1,78534108,78534593,+
Cd83,chr13,43860575,43860769,+
Gm12233,chr11,54950203,54950477,+
Slc36a3,chr11,54950203,54950477,+
Sag,chr1,89724875,89725130,+
Tpm3,chr3,89883708,89884476,+
Cyth1,chr11,118073169,118073384,+
SNORA42,chr15,61372302,61372672,+
Gm4968,chr6,127189561,127190606,+
Fam43a,chr16,30599397,30600159,+
Bdkrb1,chr12,106835206,106835672,+
Taf4b,chr18,14941489,14942441,+
Gm12495,chr4,53358376,53358507,+
Gm13561,chr2,62298412,62298729,+
Pik3r5,chr11,68312111,68312541,+
Rad51l1,chr12,80747591,80747878,+
Rg9mtd2,chr3,137806671,137807089,+
Mttp,chr3,137806671,137807089,+
Lpar3,chr3,145920481,145921020,+
Vamp4,chr1,164500805,164501020,+
Cr2,chr1,197010845,197011531,+
Mir146,chr11,43171958,43172488,+
SNORA17,chr9,52037784,52038073,+
Plekhm1,chr11,103274306,103274794,+
Dusp4,chr8,35685718,35686027,+
Il1r1,chr1,40319321,40320010,+
Asap1,chr15,63944795,63945016,+
Tlr9,chr9,106124655,106125041,+
Tgfbr2,chr9,116275281,116275702,+
Cblb,chr16,52060232,52061729,+
AC138214.1,chr1,82829172,82829452,+
Tank,chr2,61430790,61431566,+
Ibtk,chr9,85641886,85643346,+
Jak2,chr19,29311290,29311432,+
Arhgap11a,chr2,113688791,113689247,+
Arhgef3,chr14,28168150,28168917,+
Melk,chr4,44313877,44314354,+
Il21r,chr7,132740654,132741816,+
Gm7856,chr16,91523247,91523506,+
Rest,chr5,77675294,77675696,+
Dus2l,chr8,108576429,108576940,+
Fosb,chr7,19906869,19907084,+
Akna,chr4,63046869,63047063,+
4933437N03Rik,chr4,63046869,63047063,+
Rnf31,chr14,56209818,56210322,+
Psme2,chr14,56209818,56210322,+
Lcp1,chr14,75579138,75579563,+
Ttc28,chr5,111607367,111607696,+
Bend5,chr4,111114599,111115448,+
Agbl4,chr4,111114599,111115448,+
Iqsec1,chr6,90701741,90701946,+
Setbp1,chr18,79232600,79232903,+
Rpia,chr6,70763996,70764412,+
Mir155,chr16,84682245,84682420,+
Fgfr1op,chr17,8402880,8403383,+
U6,chr12,12587489,12587754,+
Snord2,chr16,23107052,23107856,+
Snora81,chr16,23107052,23107856,+
SNORA63,chr16,23107052,23107856,+
Eif4a2,chr16,23107052,23107856,+
Ptp4a2,chr4,129496825,129497294,+
Nr4a1,chr15,101088829,101089078,+
Zfp541,chr7,16641007,16641318,+
Foxn3,chr12,100631130,100631695,+
Tcof1,chr18,60975864,60976223,+
Ccnd3,chr17,47644998,47645174,+
Gfi1,chr5,108154445,108155724,+
A430072P03Rik,chr5,108154445,108155724,+
2700012I20Rik,chr9,56923562,56925351,+
Sin3a,chr9,56923562,56925351,+
Tnfrsf9,chr4,150288156,150288500,+
Park7,chr4,150288156,150288500,+
Parp1,chr1,182476015,182476701,+
Gm15429,chr1,163664496,163664673,+
2700038G22Rik,chr5,23380390,23380508,+
Eftud2,chr11,102742314,102742568,+
Ccdc103,chr11,102742314,102742568,+
Gm17536,chr11,102742314,102742568,+
Ier5,chr1,156945866,156946478,+
Thg1l,chr11,45768660,45769083,+
Suds3,chr5,117565811,117566216,+
9530046B11Rik,chr5,117565811,117566216,+
Cebpg,chr7,35841361,35841761,+
AC153658.1,chr12,70576193,70576768,+
9530008L14Rik,chr13,41899284,41899662,+
Gm17384,chr5,63249336,63249712,+
Slc7a1,chr5,149211292,149211859,+
Atp6v0a1,chr11,100869352,100871150,+
Plxnc1,chr10,94290853,94291401,+
F730048M01Rik,chr18,65464288,65464664,+
Alpk2,chr18,65464288,65464664,+
SNORD102,chr5,147644358,147644756,+
SNORA27,chr5,147644358,147644756,+
Rpl21,chr5,147644358,147644756,+
Ptpn22,chr3,103663246,103663651,+
Nudt9,chr5,104475254,104476304,+
AL714024.1,chr5,104475254,104476304,+
Nbeal2,chr9,110556346,110556886,+
Ccdc12,chr9,110556346,110556886,+
Gm17041,chr9,107215295,107215652,+
Fbxo30,chr10,10999857,11000657,+
4930432B10Rik,chr10,10999857,11000657,+
Mir23a,chr8,86721370,86721709,+
Ccdc122,chr14,77436260,77436966,+
9030625A04Rik,chr14,77436260,77436966,+
Hivep2,chr10,13765681,13765775,+
Stk17b,chr1,53848316,53848636,+
5830416P10Rik,chr19,53515683,53516406,+
Gm12865,chr4,118672278,118672517,+
Gm12862,chr4,118672278,118672517,+
Slc38a2,chr15,96529219,96529842,+
Tle3,chr9,61070111,61070366,+
E2f2,chr4,135732958,135734245,+
Rev3l,chr10,39451027,39451992,+
E130307A14Rik,chr10,39451027,39451992,+
Adap1,chr5,139775053,139775352,+
Gm11464,chr2,165808022,165809187,+
Gm11463,chr2,165808022,165809187,+
Stoml1,chr9,58100860,58101258,+
Lfng,chr5,141093679,141093955,+
Pik3c2b,chr1,134979852,134979988,+
Pnrc1,chr4,33334592,33335188,+
Shank1,chr7,51567124,51567514,+
Abcc4,chr14,119090999,119091235,+
Bhlhe40,chr6,108660882,108662172,+
Mir23a,chr8,86727453,86728264,+
Gm16767,chr13,52173897,52174533,+
Fam168b,chr1,34899961,34900695,+
Pfn1,chr11,70466871,70467590,+
Med11,chr11,70265260,70266312,+
Arid5a,chr1,36364616,36364866,+
Gm16510,chr2,70467723,70468272,+
Pde6h,chr6,136913017,136913947,+
Lyn,chr4,3605611,3605957,+
Gm17726,chr4,3605611,3605957,+
Gm2885,chr17,7020451,7021426,+
1700016C15Rik,chr1,179597393,179597799,+
Ube2d3,chr3,135100854,135101809,+
4930539J05Rik,chr3,135100854,135101809,+
9030624J02Rik,chr7,125941158,125941820,+
Zdhhc18,chr4,133175728,133175944,+
Fchsd2,chr7,108256768,108257235,+
Irak2,chr6,113618655,113619193,+
Gm16724,chr17,71235965,71236355,+
Gm16627,chr17,71235965,71236355,+
Fam107b,chr2,3574911,3576061,+
Soat1,chr1,158367539,158367799,+
Rras2,chr7,121227243,121227510,+
Ifngr1,chr10,19311662,19312361,+
Zfpm1,chr8,124809589,124810211,+
Gm20388,chr8,124809589,124810211,+
Gfod1,chr13,43364148,43364927,+
Zbtb10,chr3,9249697,9249874,+
Vangl2,chr1,173912286,173913228,+
Smg7,chr1,154749794,154750288,+
Kdm2b,chr5,123440517,123440793,+
A930024E05Rik,chr5,123440517,123440793,+
Itpr2,chr6,146157589,146158244,+
Slc28a3,chr13,58653368,58653571,+
Sh3kbp1,chrX,156087965,156088641,+
Galnt7,chr8,60055094,60055257,+
Mxi1,chr19,53387474,53389234,+
Nfkbiz,chr16,55820254,55820695,+
Rilpl2,chr5,124928477,124929163,+
Plcl2,chr17,50657139,50657391,+
Mir5107,chr18,60970460,60971643,+
Cd74,chr18,60970460,60971643,+
Zbtb38,chr9,96640257,96641031,+
Dclre1a,chr19,56604991,56605386,+
Arap1,chr7,108526425,108526770,+
Rassf2,chr2,131846646,131846862,+
Hadhb,chr5,30481641,30481800,+
Hadha,chr5,30481641,30481800,+
Itsn1,chr16,91869610,91869860,+
Atp5o,chr16,91869610,91869860,+
9530052E02Rik,chr8,11107038,11107856,+
Slc11a1,chr1,74433057,74433573,+
Ufm1,chr3,53667616,53667929,+
Tob2,chr15,81690035,81690607,+
Ltb,chr17,35331300,35332093,+
Rere,chr4,149940174,149940510,+
Etv6,chr6,133985079,133985560,+
Gm17414,chr17,36138227,36139079,+
A930015D03Rik,chr17,36138227,36139079,+
Pik3ap1,chr19,41440813,41441224,+
Tec,chr5,73208878,73209186,+
Phf21a,chr2,92024676,92025696,+
Gm11928,chr4,32235502,32236507,+
Mnt,chr11,74643816,74644384,+
Ahnak,chr19,9058945,9059023,+
1100001G20Rik,chr11,83559737,83559946,+
Rapgef1,chr2,29485002,29485142,+
Pgap2,chr7,109358270,109359265,+
Nup98,chr7,109358270,109359265,+
Rnf122,chr8,32231097,32232300,+
St3gal1,chr15,66976146,66977181,+
Csf2ra,chr19,61302405,61303028,+
Pds5a,chr5,66115837,66115957,+
Sh3pxd2a,chr19,47521270,47521987,+
Fem1b,chr9,62659303,62659970,+
Fosb,chr7,19894868,19895679,+
Stap1,chr5,86515833,86516141,+
Arhgap25,chr6,87480465,87480736,+
Ssbp4,chr8,73133964,73134447,+
A730011L01Rik,chr11,119352481,119353343,+
4933407C03Rik,chr8,119780125,119780551,+
Tbl1xr1,chr3,21841741,21842219,+
Tespa1,chr10,129767858,129768076,+
Gm10384,chr15,36868328,36868675,+
Gabbr2,chr4,46788946,46789314,+
Nek2,chr1,193637176,193637490,+
4930523C07Rik,chr1,161974702,161975085,+
Gpd2,chr2,57090716,57091371,+
A930012O16Rik,chr2,57090716,57091371,+
Rgs10,chr7,135535556,135536794,+
Mef2a,chr7,74517667,74518055,+
Chd1,chr17,15841258,15841689,+
Sfr1,chr19,47805654,47805860,+
Rabgef1,chr5,130647494,130647657,+
Fbxl3,chr14,103498863,103499104,+
Snai3,chr8,124984602,124984819,+
Gm20388,chr8,124984602,124984819,+
Uap1,chr1,172105124,172105876,+
Gm12054,chr11,22592534,22593240,+
Fasl,chr1,163697259,163697516,+
Hs3st1,chr5,40029168,40029415,+
Gorab,chr1,165333829,165334179,+
Stat1,chr1,52170510,52170787,+
Gm20513,chr17,34432500,34433619,+
Cd22,chr7,31671882,31673147,+
Extl1,chr4,133918303,133918791,+
4933426M11Rik,chr12,81893622,81894057,+
SNORA17,chr3,67361247,67361558,+
Actg1,chr11,120214787,120215292,+
AC164075.1,chr7,87288122,87288522,+
Cd37,chr7,52493098,52493786,+
Ttc17,chr2,94246412,94246801,+
2810002D19Rik,chr2,94246412,94246801,+
Inpp5d,chr1,89522631,89523384,+
Sub1,chr15,11943729,11944343,+
7SK,chr18,32471265,32471729,+
Mll3,chr5,25005131,25005639,+
4831440E17Rik,chr5,25005131,25005639,+
E2f2,chr4,135736138,135737212,+
Tm9sf1,chr14,56262181,56262451,+
Prkag1,chr15,98661869,98662195,+
Mll2,chr15,98661869,98662195,+
Ddx6,chr9,44382882,44383552,+
Gm14009,chr2,128028913,128029983,+
Gm14005,chr2,128028913,128029983,+
Slc9a8,chr2,167246874,167247619,+
Sh2b3,chr5,122286061,122286883,+
Pdcd4,chr19,53974232,53975043,+
Gpn3,chr5,122822375,122822774,+
1500011H22Rik,chr5,122822375,122822774,+
Gm2885,chr17,7031671,7032455,+
Runx1,chr16,92696897,92697376,+
Ubtd2,chr11,32389040,32389406,+
Uqcrfs1,chr13,30665044,30665167,+
Prkcd,chr14,31448510,31448583,+
Dguok,chr6,83456375,83457120,+
Trib1,chr15,59484419,59484860,+
Srgn,chr10,61972168,61972482,+
Psmd1,chr1,87960882,87961217,+
4933421E11Rik,chr3,106524838,106525366,+
Crlf2,chr5,109985689,109988264,+
U1,chr11,87239449,87241060,+
Tex14,chr11,87239449,87241060,+
Gfpt1,chr6,87025251,87025632,+
Tnfrsf13c,chr15,82060088,82060571,+
Ilvbl,chr10,78037059,78037448,+
Ubtf,chr11,102177951,102178318,+
Cass4,chr2,172218956,172219234,+
Dazap2,chr15,100445737,100446358,+
C330013E15Rik,chr15,100445737,100446358,+
Rnf216,chr5,143817205,143817701,+
Etv3,chr3,87312149,87312740,+
Ighm,chr12,114663791,114668091,+
Ighj4,chr12,114663791,114668091,+
Ighj3,chr12,114663791,114668091,+
Ighj2,chr12,114663791,114668091,+
Ighj1,chr12,114663791,114668091,+
AC073553.3,chr12,114663791,114668091,+
AC073553.2,chr12,114663791,114668091,+
AC073553.1,chr12,114663791,114668091,+
Elmo1,chr13,20181938,20183423,+
Specc1l,chr10,74762496,74762899,+
Gm10584,chr7,139507552,139508581,+
Adgrl2,chr3,148358465,148358762,+
Tmcc2,chr1,134238363,134239237,+
Cmtm6,chr9,114661967,114662472,+
Mir1195,chr17,71235965,71236355,+
Dad1,chr14,54841824,54842778,+
A630019I02Rik,chr13,93863961,93865010,+
Tmem119,chr5,114264327,114265031,+
Fam133b,chr5,3501795,3501919,+
Cnbd2,chr2,156137635,156138435,+
1700012D01Rik,chr10,127103502,127105812,+
Tet2,chr3,133246049,133246262,+
Ago2,chr15,72985743,72985944,+
Wfdc21,chr11,83550849,83551123,+
Bcl2l11,chr2,128028913,128029983,+
4933407G14Rik,chr10,74892140,74892543,+
Gm38404,chr6,127186697,127187055,+
Dad1,chr14,54846992,54847254,+
Mir6951,chr15,38400144,38400852,+
Adam6b,chr12,114663791,114668091,+
4930529L06Rik,chr16,84583449,84584561,+
2610306M01Rik,chr6,86798853,86799047,+
Gm10532,chr18,75614809,75616728,+
Txlnb,chr10,17508065,17508898,+
2310043L19Rik,chr1,179597393,179597799,+
Bmt2,chr6,13641646,13642154,+
Irf8,chr8,123321335,123321560,+
Egr3,chr14,70465921,70466146,+
Mir3089,chr2,30567405,30568005,+
1700008J07Rik,chr7,134655817,134656500,+
Tet3,chr6,83406054,83407045,+
Snord93,chr5,23380390,23380508,+
Mfsd1,chr3,67361247,67361558,+
Mirt1,chr19,53515683,53516406,+
Faap20,chr4,154623470,154624232,+
B930018H19Rik,chr8,35685718,35686027,+
Cxcr4,chr1,130620321,130621199,+
Mir122,chr18,65464288,65464664,+
1700073E17Rik,chr6,145288453,145288636,+
Psd2,chr18,36079272,36079996,+
44085,chr5,93565472,93566235,+
Irf8,chr8,123284097,123284791,+
Slc45a1,chr4,149940174,149940510,+
Mir6904,chr1,182517919,182518210,+
H2-Aa,chr17,34430445,34430747,+
Rflna,chr5,125532656,125533352,+
Adgre1,chr17,57486409,57486690,+
Yae1d1,chr13,18067562,18067971,+
Lrif1,chr3,106524838,106525366,+
Bcl2l11,chr2,127834436,127834854,+
Mir1190,chr12,102243667,102244069,+
Urad,chr5,148150619,148151449,+
Tatdn2,chr6,113618655,113619193,+
0610040F04Rik,chr6,108660882,108662172,+
Gm6936,chr16,49970484,49970790,+
Htra4,chr8,26178462,26178999,+
Gorasp2,chr2,70467723,70468272,+
Traf1,chr2,34832686,34832970,+
D030024E09Rik,chr15,61372302,61372672,+
Muc13,chr16,33745655,33745817,+
1700064M15Rik,chr12,100848599,100849016,+
Ccdc97,chr7,26491863,26493697,+
Ccr6,chr17,8402880,8403383,+
Gcg,chr2,62298412,62298729,+
Mir6367,chr16,91522320,91522855,+
Xxylt1,chr16,31066764,31067571,+
Mir155hg,chr16,84703124,84703745,+
Gpr18,chr14,122337717,122337948,+
Mir5118,chr16,55636665,55637491,+
Dthd1,chr5,63249336,63249712,+
Irs2,chr8,11107038,11107856,+
Tmem266,chr9,55174768,55175202,+
Arid1a,chr4,133369648,133370099,+
Mir6367,chr16,91523247,91523506,+
Fam83d,chr2,158544920,158545213,+
Rel,chr11,23723137,23723715,+
Mirt1,chr19,53539105,53539767,+
Noct,chr3,51028400,51029331,+
Traf3,chr12,112398140,112398407,+
Ncoa3,chr2,165808022,165809187,+
9430078K24Rik,chr12,80734513,80734835,+
2010106C02Rik,chr17,86866738,86867077,+
Spry4,chr18,38791273,38791812,+
1700056E22Rik,chr1,185803618,185803932,+
Bach1,chr16,87653248,87653474,+
2900060B14Rik,chr1,120350237,120350434,+
Kmt5c,chr7,4690937,4691106,+
Bcl11a,chr11,24143044,24143322,+
Mir7086,chr9,45054187,45054415,+
B3gnt2,chr11,22713991,22714570,+
Mir6944,chr13,55572722,55573237,+
H2afy3,chr15,62000859,62001092,+
Supt4a,chr11,87558511,87558704,+
LOC100503496,chr11,109301246,109301931,+
Chd7,chr4,8844280,8844565,+
4930529L06Rik,chr16,84682245,84682420,+
D930015E06Rik,chr3,83873354,83873617,+
Tfam,chr10,70721697,70722031,+
Mirt1,chr19,53554092,53554348,+
Trim8,chr19,46540692,46540874,+
Mir146,chr11,43198647,43199024,+
Trmt10a,chr3,137806671,137807089,+
Edn2,chr4,119704838,119705413,+
Gm20098,chr17,52301778,52302793,+
Map3k7,chr4,32235502,32236507,+
Mir5098,chr5,77718770,77718889,+
Nfatc3,chr8,108578149,108578830,+
Haao,chr17,84249993,84250487,+
Ago2,chr15,72991760,72992766,+
Ttc41,chr10,86168926,86169266,+
Bcl2l14,chr6,134170330,134170608,+
D030024E09Rik,chr15,61273350,61273567,+
Rnf19b,chr4,128709782,128710804,+
Fasl,chr1,163665013,163665584,+
Coq8a,chr1,182129704,182129899,+
Tyk2,chr9,20940427,20940663,+
3300005D01Rik,chr17,5803299,5803708,+
G530011O06Rik,chrX,166435779,166436216,+
Adgre5,chr8,86271834,86272923,+
Zp3r,chr1,132446966,132447457,+
Ctdsp1,chr1,74433057,74433573,+
H2-Eb1,chr17,34438170,34438517,+
Idh2,chr7,87288122,87288522,+
Stum,chr1,182358338,182358454,+
Mcl1,chr3,95476279,95477463,+
Mir21a,chr11,86437316,86438430,+
Hist1h2ah,chr13,22117801,22118548,+
Gm4832,chr17,88575326,88575469,+
Pgghg,chr7,148126963,148128101,+
Ccsap,chr8,126383308,126383798,+
Lyst,chr13,13616516,13616686,+
Sspn,chr6,146157589,146158244,+
Adtrp,chr13,41899284,41899662,+
4933432I03Rik,chr14,103436298,103436628,+
Pkdcc,chr17,83676417,83678035,+
Dusp2,chr2,127140155,127140641,+
Zc3h12c,chr9,52037784,52038073,+
Klf7,chr1,64349543,64349706,+
Lincred1,chr2,103735204,103735770,+
Gm15326,chr13,112790967,112791790,+
Gm2176,chr18,80807621,80809400,+
D030024E09Rik,chr15,61370549,61370803,+
Gm15706,chr6,145224438,145224924,+
Ezr,chr17,7031671,7032455,+
1700064M15Rik,chr12,100878499,100879968,+
4921525O09Rik,chr13,52173897,52174533,+
Cish,chr9,107215295,107215652,+
8430431K14Rik,chr19,31298012,31298808,+
Srrm1,chr4,134869806,134870096,+
Mir6973a,chr17,35331300,35332093,+
Mfsd2a,chr4,122609911,122610656,+
Stoml1,chr9,58122507,58123368,+
1700029N11Rik,chr13,44613671,44613840,+
Gm17745,chr10,92827838,92828065,+
Irs2,chr8,11098044,11098984,+
Stard5,chr7,90807824,90808398,+
Mir6906,chr10,59631053,59631667,+
5730488B01Rik,chr4,44683994,44684380,+
3300005D01Rik,chr17,5801982,5802990,+
Adora2a,chr10,74762496,74762899,+
Psd2,chr18,36089804,36090764,+
Med13l,chr5,118927615,118928466,+
A530013C23Rik,chr2,167600736,167600996,+
Hmgb2,chr8,60055094,60055257,+
Gm34637,chr12,12587489,12587754,+
Tlr9,chr9,106132536,106133276,+
4930512J16Rik,chr6,89230521,89230724,+
Fasl,chr1,163664496,163664673,+
Nr4a1,chr15,101076695,101077039,+
Cxcr4,chr1,130601750,130602016,+
Ezr,chr17,7020451,7021426,+
Usp20,chr2,30892361,30892625,+
Lrrc32,chr7,105682988,105683937,+
D030024E09Rik,chr15,61377832,61378666,+
0610009L18Rik,chr11,120214787,120215292,+
Tbc1d2,chr4,46788946,46789314,+
Tagap,chr17,8067839,8068109,+
Gm8817,chrX,163556989,163557500,+
Marcks,chr10,37057808,37058724,+
Gm38404,chr6,127189561,127190606,+
Faap20,chr4,154611351,154611486,+
4930459C07Rik,chr10,95836848,95837584,+
Gm21057,chr7,87219767,87220047,+
Tmem154,chr3,84518979,84519433,+
9430078K24Rik,chr12,81102749,81102911,+
Iah1,chr12,21341717,21341975,+
4933431G14Rik,chr6,72089928,72090644,+
Yap1,chr9,8017130,8017544,+
H2-Aa,chr17,34432500,34433619,+
Il21r,chr7,132724422,132725492,+
Ubald2,chr11,116285246,116285631,+
Agfg1,chr1,82829172,82829452,+
H2afy3,chr15,62013014,62013175,+
Saraf,chr8,35218622,35219097,+
Endov,chr11,119352481,119353343,+
Tmem121,chr12,114466509,114466588,+
Eif2a,chr3,58320251,58321410,+
9430078K24Rik,chr12,80747591,80747878,+
Fam229a,chr4,129174013,129174140,+
Adrb2,chr18,62323876,62324324,+
Mir200c,chr6,124673418,124673858,+
AI427809,chr4,53358376,53358507,+
Eef1a1,chr9,78375153,78375356,+
Rasgef1b,chr5,99765101,99766028,+
Mir146,chr11,43201561,43201925,+
Kif1bp,chr10,62006044,62006780,+
Pitpnb,chr5,111607367,111607696,+
Pdcd4,chr19,53944322,53945727,+
Mir7661,chr6,108499577,108499893,+
Sh3bgrl3,chr4,133672822,133673319,+
Urad,chr5,148152351,148152763,+
Mirt1,chr19,53508506,53508786,+
Mir5107,chr18,60975864,60976223,+
5031425E22Rik,chr5,22892288,22892980,+
Cmip,chr8,119780125,119780551,+
Mir7235,chr11,97003420,97003806,+
4930529L06Rik,chr16,84621638,84622149,+
Scd2,chr19,44357700,44357788,+
Amz2,chr11,109281462,109281611,+
5430437J10Rik,chr15,5396446,5396887,+
Pik3r6,chr11,68312111,68312541,+
Nfatc3,chr8,108576429,108576940,+
Mir467h,chr9,115398124,115398745,+
Mir7681,chr1,53907877,53908490,+
5830428M24Rik,chr12,70576193,70576768,+
Fam49b,chr15,63906886,63907514,+
B3gnt2,chr11,22592534,22593240,+
Irf2bp2,chr8,129107886,129108369,+
Herpud1,chr8,96889423,96889819,+
Rn4.5s,chr6,47586526,47586762,+
Cmah,chr13,24577838,24579786,+
Wfdc21,chr11,83559737,83559946,+
B930092H01Rik,chr9,61070111,61070366,+
Ccdc68,chr18,69804244,69804707,+
3300005D01Rik,chr17,5803916,5804898,+
Plbd1,chr6,136638552,136638908,+
Gm10415,chr6,126300955,126301334,+
Dap,chr15,31209287,31209725,+
Sde2,chr1,182780258,182781237,+
Fam49b,chr15,63944795,63945016,+
Egr3,chr14,70456760,70457496,+
9130015A21Rik,chr12,36396129,36397686,+
Dnah17,chr11,118007103,118007729,+
Smndc1,chr19,53497933,53498934,+
Fam208a,chr14,28218564,28218931,+
Elmsan1,chr12,85584106,85584273,+
Hspa8,chr9,40551988,40552087,+
Knop1,chr7,125941158,125941820,+
Slc35b2,chr17,45696809,45696975,+
Agfg1,chr1,82828008,82828953,+
4930459C07Rik,chr10,95863442,95863610,+
Susd6,chr12,81893622,81894057,+
Ctso,chr3,81729796,81730139,+
Lta,chr17,35355275,35356826,+
Bin1,chr18,32471265,32471729,+
Gm15326,chr13,112726215,112726867,+
Lao1,chr4,118672278,118672517,+
Usp6nl,chr2,6230648,6230801,+
5031425E22Rik,chr5,22924087,22924451,+
1700072O05Rik,chr6,120517438,120517784,+
Lncpint,chr6,31166455,31167070,+
Zfp36l1,chr12,81170030,81170426,+
Ccdc124,chr8,73389398,73389770,+
4930459C07Rik,chr10,95833523,95833883,+
9430078K24Rik,chr12,80793188,80793333,+
Slc25a19,chr11,115501714,115503509,+
D6Ertd527e,chr6,87025251,87025632,+
Zfp706,chr15,36868328,36868675,+
4921525O09Rik,chr13,52178645,52179982,+
Fam213a,chr14,41813353,41813696,+
Fbxo4,chr15,3932888,3933016,+
Axdnd1,chr1,158367539,158367799,+
Ppp4r2,chr6,100750547,100750931,+
Hira,chr16,19007111,19008022,+
Smndc1,chr19,53499154,53499454,+
E230013L22Rik,chr8,11463792,11464252,+
Zbtb18,chr1,179397304,179397604,+
Prlr,chr15,10004599,10005507,+
